<addon id="plugin.video.mobilevids" name="[COLOR black]..[/COLOR][COLOR green]MobileVids[/COLOR]" version="7.0.1" provider-name="[COLOR red]Biggy_Oz[/COLOR]">
  <requires>
    <import addon="xbmc.python" version="2.1.0"/>
  </requires>
  <extension library="default.py" point="xbmc.python.pluginsource">
    <provides>video</provides>
  </extension>
  <extension point="xbmc.addon.metadata">
    <platform>all</platform>
    <summary>Stream from http://mobilevids.org</summary>
    <description>Stream from http://mobilevids.org (Requires account, Set your username and password in addon settings)</description>
  </extension>
</addon>
