<?xml version="1.0" encoding="UTF-8" standalone="yes"?>
<addon id="plugin.program.kodimaniacswizard" name="[COLOR gold]Kodi Maniacs Wizard[/COLOR]" version="0.0.6" provider-name="Kodi Maniacs">
  <requires>
	<import addon="xbmc.python" version="2.1.0"/>
    <import addon="script.module.addon.common" />
  </requires>
  <extension point="xbmc.python.pluginsource" library="default.py">
        <provides>executable</provides>
  </extension>
  <extension point="xbmc.addon.metadata">
    <summary lang="en">Kodi Maniacs Wizard - Use this wizard to install a variety of pre-configured setups.</summary>
	<description>Kodi Maniacs Wizard - Use this wizard to install a variety of pre-configured setups.  Modifed code taken from whufclee.  For help or info please visit http://www.kodimaster.com</description>
    <platform>all</platform>
  </extension>
</addon>